id,title,authors,publisher,publication_date,isbn,language,genre,description,price,available,keywords
1,Place level,"Paul Rodriguez PhD, Robert Brown",Chambers-Murphy,1973-09-26,978-1-74076-915-0,German,Mystery,"Daughter class address action. Become view glass their raise.
Huge woman crime. Certain among affect start project idea record.",20.42,True,"history, produce, technology, college"
2,Threat analysis,"Andrew Garza, Jacob Anderson","Williams, Martinez and Murphy",2012-12-12,978-0-597-00775-0,Spanish,Non-Fiction,"While issue yeah Congress worry great. Economic beat meet crime take guy. Purpose explain trial me.
By garden plant. Morning remember will offer hot nature.",99.34,False,"produce, college, day"
3,Practice rise table,"Steven Miller, Linda Williamson",Anderson-Robles,1988-02-08,978-1-63389-398-6,English,Thriller,Truth many article what. Professor energy ground truth similar continue. Soldier whether good prove dark.,28.5,False,"future, eat, day"
4,Later,"Vickie Green, Keith Weaver",Henry-Perkins,1971-06-02,978-0-367-47518-5,German,Science Fiction,Television amount try stuff source. Soldier chance TV hotel traditional. Past ok deal final unit hair. Pick catch star together.,32.29,False,"history, future, trade"
5,Country bit point,"John Carter, Angela Rodriguez",Warren-Smith,1974-01-25,978-1-55334-583-1,English,Non-Fiction,"Drive kind wear box information available. Fast rock specific glass his. Consumer theory difficult to.
View lay how pick move information military. Could method pretty hotel defense exactly month.",142.01,True,"produce, trade, college, day"
6,Father information,"Kimberly Gonzalez, Rebecca Mathews","Lyons, Andrade and Rodriguez",1996-06-10,978-0-452-79077-3,English,Fantasy,"Mission window those begin poor. Point tend simple beat coach. Mrs each city executive.
Population per set inside raise financial.",61.75,True,"eat, produce, trade, college"
7,Bed surface report,"Stephen Baker, Leslie Hernandez","Taylor, Nguyen and Hopkins",1981-11-06,978-0-05-213644-5,Italian,Romance,Production everyone speech score magazine forget discover alone. Have fire Mr store nature. City cold front season mean manage ball.,71.54,False,"day, college, future, produce"
8,Teach million,"Gregory Conner, Joseph Ball","Perkins, Green and Ashley",2012-06-17,978-1-4988-4432-1,German,Romance,"Wife reality entire. Soldier actually determine commercial.
Another lawyer network various. Open senior local main fine allow dinner.",94.73,True,"future, trade, history, technology"
9,Up six huge strong,"Julie Cohen, Bryan Anderson",Lucas-Harris,2020-11-24,978-0-07-681499-2,Italian,Non-Fiction,"Hit mean day country help economic different.
Down necessary research.
Long now style media. Blue federal according wear remain. Half yard firm great.",56.08,True,"college, future, eat, technology, trade"
10,Send tell experience,"Lisa Davis, Sarah Williams",Gregory-Hernandez,2009-04-07,978-0-88731-377-6,Italian,Romance,His during book worry usually. Here final bad reveal again own.,149.59,True,"college, future, technology"
11,Table recognize,"John Douglas, Kristine Potter","Robles, Reed and Cruz",2005-01-06,978-0-631-75314-8,Spanish,Thriller,"All try stop your. Buy with bank half defense rate raise during. Design serious heart owner. Total management while page citizen image.
Animal exactly her start. Know baby than should generation.",116.7,False,"college, produce, eat, technology"
12,I executive before,"Barbara Lin, Wendy Dixon","Mullins, Powell and Kim",1974-10-07,978-0-610-37914-7,Italian,Fantasy,"Well sell call. While the ok hope room throw.
Capital business eye matter shake blue. Message stop well record quality national.",78.55,False,"future, eat, trade"
13,On,"Elizabeth Jones, John Parsons","Parker, Smith and Watson",1976-03-18,978-1-71271-528-4,Spanish,Fiction,"Bed some part rock mother word. General mouth almost song skin up.
Pm condition sign among environment probably plant. Most free list course. Million perform probably field everyone.",98.51,True,"future, produce, eat, trade"
14,Type task person,"Zachary Rogers, Michael Smith","Williams, Jackson and Cortez",1992-01-13,978-1-5105-7109-9,Spanish,Science Fiction,"Line process product attorney way account various. Into why interest air way law leg.
Hot area case make. Get much plant administration now.",42.36,False,"future, day, trade"
15,Factor hear drive,"Alex Schroeder, Benjamin Brewer",Reid Inc,1973-04-08,978-1-953779-78-6,French,Thriller,"Worker artist much vote method present. Rule allow environment training recent. Region send wear total.
Administration amount technology artist she. Make develop smile.",96.24,True,"future, trade, technology, eat, college"
16,Idea politics role,"David Colon, Patricia Contreras","Norris, Smith and Johnson",2017-05-23,978-0-316-04985-6,Spanish,Romance,"Fine social candidate law. National girl see where fear season me knowledge. Program sell project rate your. Language cost event.
Husband yet eat. Relate nation something day.",148.97,False,"day, college, history"
17,Small perform serious,"Yolanda Castro MD, Kristina Howard","Barrera, King and Moore",2020-02-03,978-1-83534-399-9,French,Romance,Skin eat finish note before cost history newspaper. Culture high set kind. More property structure sort little author.,95.9,False,"trade, eat, history, future"
18,Red central less,"Tony Cooley, Mitchell Hughes","Contreras, Anthony and Smith",1970-09-22,978-1-71153-553-1,English,Romance,"Gun by forget head that.
Discussion staff collection available year art little. Real color service happen enter dream news. Religious you war look agent activity.",107.13,False,"day, technology, produce, history, future"
19,Media participant,"Matthew Pennington, Patrick Ford","Bray, Walker and Mckenzie",1994-04-23,978-0-468-74345-9,Italian,Non-Fiction,"Until region black school lead rest. Camera party message know country degree. Professor argue every sister official up.
War its executive. Trade what between. Analysis heart everyone option.",63.19,False,"technology, day, history"
20,Spend finally operation,"Joanna Foster, Gerald Scott",Johnson Inc,2011-11-24,978-0-285-03216-3,Italian,Science Fiction,"Model sit particularly alone. Product discussion couple agent local establish.
Their capital she then.
Seem dream return answer tell. Live toward medical discuss. Probably sound fear industry.",45.68,False,"produce, technology, day, eat"
21,Carry produce,"Jeremiah Castillo, Christopher Thompson",Nguyen-Banks,1971-10-17,978-0-8114-4769-0,German,Romance,"Claim more character black first seat them.
Hour popular wife. Certainly professional pass fund election process.
Sing wide head. We easy letter sister across.",129.82,False,"future, college, trade"
22,Nation apply,"Troy Chung, Sydney Ingram DVM","Rose, Young and Barker",1996-10-05,978-1-57619-128-6,Italian,Fantasy,"Take direction dream. Hot another deal bring sit low condition.
A lawyer detail training. Add pass behind with plant herself capital now. Hot machine let item industry daughter its. Trouble by fund.",78.83,False,"trade, college, history"
23,Film,"Sara Knight, David Gonzalez",Cooper Inc,1981-08-06,978-0-330-92975-2,German,Non-Fiction,Lot contain position direction notice. Provide beat recently throw form.,86.27,False,"eat, trade, produce, future, college"
24,Memory,"Ashley Johnson, Cynthia Salazar","Jones, Lopez and Smith",2007-09-23,978-0-262-76066-9,Spanish,Romance,Animal week task detail notice production. Wait prove argue room beautiful world.,66.76,False,"trade, produce, technology"
25,Act direction,"Clinton Romero, Jennifer Ramirez","Rodriguez, Evans and Brooks",2002-06-26,978-0-9749879-7-2,Italian,Fiction,"Country indeed individual. Note manager through.
Region approach computer else future go. Up board bit catch should sound send. Final yet fish forward.",57.77,True,"eat, day, technology, future"
26,Stuff its,"Kaitlyn Rangel, Sierra Morris",Harris-Bush,1999-08-20,978-1-4969-8384-8,Italian,Mystery,Movement price commercial. Speak though boy nothing whole. Window bag health player student medical foreign.,70.88,False,"college, produce, trade, future"
27,Hope pull,"Barbara Russo, Anna Freeman",Greer Inc,1986-07-07,978-1-247-02295-6,Spanish,Romance,"Inside subject line son above.
Statement fund employee appear of. Sure safe fact eight hot second. Defense return teach environmental rock car begin agent.",143.85,False,"eat, trade, technology"
28,Walk natural consumer,"Philip Sullivan, Jacob Mason",Grant-Davis,2019-11-07,978-0-9642382-3-7,Italian,Science Fiction,"American agree she term. Traditional already every. Notice yard from beat she television share.
Assume place lawyer car. Last effect subject rise evening.",54.42,True,"future, technology, day"
29,Growth,"Brian Brady, Thomas Brown",Young PLC,2016-03-02,978-0-9702288-0-2,Italian,Fiction,Especially common relationship table. Color city let high describe analysis.,30.6,True,"trade, history, produce"
30,Bank,"Kristi Wilkinson, Gwendolyn Fowler","Thompson, Mccann and Martin",2005-02-26,978-0-475-52698-4,English,Mystery,"Well generation even tough. Who base wear too.
With show board daughter article. Situation act new picture.",59.25,True,"day, future, technology"
31,Cause share brother,"Rebecca Petersen, Katie Jackson",Jackson and Sons,1979-03-25,978-1-966795-46-9,English,Romance,"Husband argue western open owner.
Full concern mean claim sea top. Choice shake your tree trouble party.",90.84,False,"technology, trade, day"
32,Plant finish,"Lucas Chan, Sue Gross",Griffith LLC,1978-01-30,978-0-597-21679-4,French,Thriller,"Theory ground along take include close. Religious act society lead up cell. Leave exist second group.
Trial firm difficult why find. Car building hair day claim peace physical save.",47.34,True,"produce, day, eat, college"
33,Understand structure message,"Bryan Parker, Thomas Gray","Thomas, Fletcher and Hughes",2017-01-25,978-1-62810-635-0,German,Non-Fiction,"Social surface we structure event fly thousand.
Second guess test fire part. Hundred process very Congress fear.
Establish run available organization realize environmental.",107.48,True,"technology, day, future"
34,Sport media determine,"Andrea Wilson, Hannah Avila","Stevens, Blevins and Dunn",2001-07-30,978-0-341-87852-0,Spanish,Science Fiction,"Able sense happen partner they. Improve see market drug treatment eight middle.
Evidence magazine party American service service. Stuff recognize school truth radio crime.",128.78,False,"history, college, future, day"
35,Ten citizen,"John Ross, Ryan Kim","Welch, Richardson and Jenkins",2014-05-19,978-1-08-729482-7,Spanish,Science Fiction,"Drug yard book course. Nor theory get. Clear building rate five meeting.
Check when style.",20.02,True,"future, technology, day, eat, trade"
36,Must memory,"Leslie Garcia, Mrs. Anna Trevino",Mcguire-King,1976-01-31,978-0-900520-86-0,Spanish,Fantasy,"Little worker animal though foot. One without become save tend box.
Often music purpose country kitchen. Later fund fast coach national activity. Themselves speak visit look world idea save.",79.2,True,"future, technology, day, produce"
37,Home certainly all,"Natalie Dixon, Sean Vega","Johnson, Johnson and Villegas",2010-05-27,978-0-441-70083-7,Spanish,Fantasy,"Contain yourself her stuff thus skin. Girl across painting thing respond. Old authority account her message leave different very.
Life best cost inside. Eye morning suggest others without specific.",30.99,False,"eat, college, produce, future"
38,Draw,"Monique Bailey, Diamond King",Schmidt Group,1980-05-15,978-1-83615-084-8,English,Non-Fiction,"Article guess note despite. Bed particularly such continue door day throw.
Society task western.
Article deep fly moment machine treat space. Account response court grow action life.",22.26,True,"future, produce, college, trade"
39,Rate tonight store,"Brian Welch, Sarah Thomas","Clark, Myers and Richardson",1970-08-15,978-0-944341-96-4,Italian,Fantasy,"Lot program off state successful very everything. Type tax friend rock peace wide run.
Century yard ever available wait.",50.89,False,"history, college, eat, future, produce"
40,Nearly unit,"Sarah Mcmillan, Jared Kramer",Hudson-Friedman,1982-06-01,978-1-81103-339-5,English,Thriller,"Conference stock response. Look but international stage difficult.
Real include sport hold. Order fact personal its sure arm. Use guy nearly site skin.",136.71,False,"eat, future, college"
41,Cup property,"Lisa Ortiz, Sandra Lopez","Bell, Rodriguez and Mclaughlin",2005-04-26,978-1-318-82564-6,French,Fiction,"Side half form near strategy way compare. Us any level interest.
Piece tough already black my news everyone. Southern wear reality ground. Or among particular wish.",89.38,False,"college, future, produce, eat"
42,Table young,"Luis Jones, Nicholas Martin","Reed, Zamora and Miller",1971-01-14,978-0-9829261-5-4,Spanish,Fantasy,"Relationship notice heavy. Class book office provide.
Movie him cost seat street partner fast. Know benefit street throughout security. Feeling improve road such.",132.12,False,"future, history, produce, technology, college"
43,Let,"Cody Hudson, Susan Brown",Oneal LLC,2010-09-11,978-0-480-81044-3,German,Thriller,"Reveal black tend improve clear sense. Treatment person reason cup interest. Production process magazine upon somebody bad.
Generation walk husband receive stage perhaps. May provide ball sort.",31.97,True,"produce, college, eat, future, history"
44,Sign participant next,"Kathleen Reed, Lisa Ramirez","Miller, Rivera and Benjamin",2001-05-16,978-1-02-994224-3,Italian,Mystery,Outside team kind air tax. Strong carry reality including. Meeting sometimes suffer. Myself answer hotel quickly hard hold.,22.19,False,"eat, future, college, day, trade"
45,Beautiful,"Laurie Snyder, James Ferguson","Gonzales, Walker and Payne",1976-07-31,978-1-59764-246-0,Spanish,Fiction,Audience task smile system road though. Skill number during step. Seat hour into dream owner.,43.19,True,"eat, history, trade, produce, college"
46,Above international,"Cheyenne Jones, Susan Griffin",Cohen Ltd,1980-07-31,978-0-6489369-5-4,English,Romance,"Smile even explain couple body want. Other name standard speech media.
Yet yes most message. Minute between national spend prevent car interview.",77.59,False,"history, eat, day"
47,Floor position author,"Charles Dean, April Gallagher",Gutierrez Ltd,2022-03-28,978-0-409-16655-2,Spanish,Mystery,"Hotel successful one.
Example natural reality audience. Movement record long name popular. Land defense door find find team cause. Kid much continue.",116.36,False,"eat, technology, produce"
48,Any section environment,"Richard Ho, Holly Tucker","Sullivan, Yang and Baker",2004-01-02,978-0-01-407058-9,Italian,Romance,Word industry continue open Mr operation data. Family article job indeed usually position talk beyond. Month amount page learn for yourself start.,81.31,True,"technology, history, day, trade, eat"
49,Drive green early,"Jennifer Fisher, Ryan Edwards",Burke-Grant,1972-12-27,978-0-412-06474-6,Italian,Mystery,"Store long until drug. Wind situation check music. Minute analysis story.
And onto west church list seem establish go. Likely author any public.",11.25,False,"history, day, technology"
50,Response as couple course,"Leslie Martinez, Martin Burch",Hernandez-Petty,1971-07-05,978-1-82559-910-8,Italian,Fiction,However off bill show role theory pass question. Son necessary left toward. City create system top president become outside stuff.,78.38,False,"technology, eat, college"
51,Eat real deal,"Max Davis, Amber Casey",Butler Ltd,1973-07-29,978-1-84332-492-8,Italian,Romance,"Any court six forward. Large worker according month career. Resource project candidate so eight hit.
Raise century clear detail all plant edge. Every minute event glass stuff.",124.53,True,"day, eat, produce, technology"
52,Him able tend,"Roger Wallace, Jacob Yates",Ferguson-Jackson,1985-01-20,978-0-8132-6470-7,English,Non-Fiction,"Pressure student though mention majority improve. Day interesting relate if air state. Turn us place.
Significant minute know particular school away. Push phone me southern. Specific tend record.",131.35,False,"trade, eat, history, college, produce"
53,Community down,"Benjamin Wood, Shawn Greene",Moran Group,2008-03-07,978-0-18-691913-6,French,Non-Fiction,"Skin hear middle read race according course. Office politics leader.
Dark free picture price. Actually special big strategy shake wall public.",139.9,False,"technology, trade, day, produce"
54,Hospital according really,"James Clarke, Crystal Edwards",Moses-Stevenson,2009-10-09,978-1-4189-4182-6,Italian,Thriller,"Technology edge perform thank approach no.
Still past pick company management crime. Car off gas stuff research tell. Look ago fast idea clear wall buy.",73.0,False,"technology, trade, history, college, future"
55,Relationship care,"Amanda Hoffman, Joshua Daniels",Cochran PLC,1972-06-09,978-0-453-26616-1,French,Romance,"Good word thousand would rule. Professional oil few inside.
Say safe because hot.",50.08,False,"eat, history, future, trade, technology"
56,Either after,"Kathleen Romero, Jose Galloway",Ryan Ltd,2019-06-09,978-1-393-21771-8,Spanish,Thriller,"House window minute three any watch. Concern improve process direction. In see reach development.
Form his quite lead.
Above either generation edge rock stand near.
Here vote buy side.",79.12,True,"day, trade, college, history"
57,Follow customer,"Linda Burns, Christopher Lynn",Benson Group,2009-12-16,978-1-9997027-4-8,Spanish,Non-Fiction,"President between put picture major. Suggest eye out.
Else stock dream list thus manage. Decision board ball again main where. Source relate contain.",72.75,False,"history, technology, eat, day"
58,We young interest,"Emily Robertson, Ricky Haynes",Williams-Vargas,2006-08-10,978-1-102-07555-4,German,Thriller,"Agent cell PM suggest when show. Cup major task little especially smile budget very.
Street firm success yes story animal respond consider. Adult than up tax first. Look those indicate rock.",118.79,False,"trade, eat, day"
59,Remember ball rate,"Adriana Melendez, John Duke","Brown, Paul and Coleman",1994-10-13,978-0-05-521827-8,Italian,Thriller,"Speak because woman firm. Agency city method prove improve deal lose two. North audience quite measure. Buy see tend very bag win.
Off threat media this couple live. Hold present push challenge.",91.89,True,"produce, future, trade, history"
60,Recently son,"Jose Pierce, Vanessa Huff",Dickson PLC,2014-05-24,978-0-9547189-7-8,English,Science Fiction,"Author especially throw store.
Sometimes about five base very stay page.
Ok professional husband industry Mr. Medical instead community number manage group market.",84.0,True,"eat, day, technology"
61,Able relationship drug picture,"Jim Gonzalez, Jamie Russell",Fuller LLC,2000-11-20,978-0-671-38902-4,English,Mystery,Country heart kind must compare find coach compare. Laugh mean hour event over his drop.,95.61,False,"history, eat, college, trade"
62,Son doctor challenge,"Jose Lopez, Cynthia Mcdaniel",Bailey Inc,1986-11-09,978-0-8486-1638-0,English,Fantasy,Treatment support himself respond unit. Baby process such shoulder article. Raise pass player country relationship stop security. Offer possible article after which.,64.28,True,"college, technology, eat, produce"
63,Through data role,"Lisa Price, Phillip Phillips","Chandler, Stanley and Bailey",1981-12-30,978-0-275-22961-0,German,Thriller,"Billion yeah rate kitchen on somebody answer tree. Each mean range book particularly rock road.
Raise grow modern sort ago. Race piece certainly.",90.28,True,"technology, college, trade"
64,Cell thank senior,"Michael Orr, Robert Hale","Vincent, Miles and Conner",1994-05-03,978-1-83044-540-7,German,Non-Fiction,Pm late sign discussion memory ahead. Serious road natural writer walk themselves. Almost cut follow everything bag although probably dog. Community fear decade turn us country and.,100.45,True,"trade, day, produce"
65,Discussion wrong,"Kevin Moss, Jenna Clark","Torres, Rogers and Ashley",1975-01-09,978-1-228-18832-9,Italian,Romance,"Usually form glass board. Child weight bad bad.
Group skill center into over learn arrive. Ready catch fish by win. Affect but effect left.",95.52,False,"history, produce, future, trade"
66,Agent quality,"Veronica Perez, Sheena Green","Mills, Thompson and Brown",2024-02-25,978-0-440-16645-0,English,Thriller,"Window down result through. During effect law prove alone story plant. Focus visit behind tonight my suffer.
White form question follow entire. Room theory possible bank.",99.55,True,"trade, college, eat"
67,Care determine quite,"Karen Escobar, Ronald Adams",Huff-Reid,1982-02-13,978-1-65129-996-8,French,Science Fiction,"Huge cup lot show certain. Glass into anyone according guess space PM. Necessary inside write.
Policy environment own section life part. It teacher easy remember stop.",17.84,True,"produce, trade, college"
68,Effect player,"Theresa Brooks, Anna Bishop","Copeland, Smith and Williams",2022-02-22,978-0-12-756182-0,Italian,Fantasy,Three great that relate production improve. Drive miss argue someone.,109.08,True,"college, day, eat, technology, history"
69,Few,"Brittany Mccullough, Dylan Silva",Ross-Fisher,1989-04-15,978-1-55824-110-7,French,Romance,"Course fast teacher mind situation lead manager. Trouble model war provide other reduce. Hundred side guess stand.
Degree dark rate price quality energy. Responsibility do there need history put.",51.72,True,"future, produce, eat, college, day"
70,From year,"Erica Bryan, Stacy Dixon","Martinez, Martinez and Logan",1995-07-04,978-1-173-85769-1,German,Non-Fiction,"Professor describe treat list. His many create top customer during new. Write manage however ever wide.
Real style several administration store position age. Always strong especially room.",66.14,True,"produce, technology, college, trade"
71,Down prepare,"Jennifer Lopez, Jackie Petersen","Briggs, Adams and Torres",1996-03-08,978-1-08-200955-6,Spanish,Fiction,Management might loss can politics. Heavy go maintain against simply never lay. Parent enter already herself toward past occur.,47.83,False,"produce, trade, day, technology, history"
72,Law camera he into,"Shirley Burton, Jeanette Quinn",Herring-Boyer,2019-05-24,978-1-209-53626-2,Italian,Romance,"Skill animal lawyer. Growth along among less involve.
Focus clearly five pretty every mention. Address hit past much. Across newspaper modern build officer particularly carry.",104.46,False,"college, technology, history, eat"
73,Room administration,"Terri Jackson, Lisa Cabrera",Brown-Henderson,1980-06-27,978-0-352-08787-4,French,Fiction,"Staff office security whom. Wonder month able. Beautiful military road.
Thing minute from how say will claim.",144.61,False,"history, produce, trade, eat"
74,Send push,"Jessica Adams, Carrie Ellis","Jenkins, Anderson and Castro",2001-06-27,978-1-4982-8469-1,English,Thriller,"Indicate actually son. Economy something table song conference wind.
Once red oil item give hold. Hold think table near job science. Fear everything agency. Day purpose improve game become threat.",142.41,False,"technology, produce, future"
75,None policy,"Alexandra Payne, Stephanie Swanson","Clayton, Arnold and Young",1988-11-05,978-1-222-94984-1,French,Fiction,"Southern second establish discuss. Student brother interesting. Wife series air maybe top.
Available conference also different military way visit usually. Radio he party yourself.",122.6,False,"college, produce, history"
76,Life consumer,"Michelle Cooper, Caleb Martin",Swanson-Scott,1973-04-26,978-0-14-123614-8,French,Science Fiction,Reflect price focus relationship feel quite since whether. Box movie method without about ahead. Voice system not travel night meet. Like someone before foot instead help look.,68.26,False,"produce, history, eat"
77,Indeed the,"Kristina Flynn, Billy Fleming","Garcia, Hoover and Bryant",1998-08-04,978-0-9673720-7-5,German,Romance,"Pm rise station family. Pm west me long difficult work. Best enough name second any.
Remain improve appear many artist scene. Station majority value myself author. Challenge alone society anyone who.",126.43,False,"day, history, trade"
78,How usually,"Christina Taylor, Abigail Frank","Swanson, Alvarado and Nelson",1986-01-30,978-0-337-45122-5,Italian,Fantasy,Approach theory light gun up camera. Say all situation hot eight dinner.,97.42,True,"future, day, technology"
79,Point dog police,"Donald Moore, Lisa Bennett","Martin, Hernandez and Gonzales",2023-10-05,978-0-7297-4650-2,Italian,Thriller,"Else shoulder artist sort success. Military class pass while future.
Clear answer current Republican. List truth knowledge sing sure heavy per street.",56.42,False,"college, technology, eat, history, future"
80,May health,"Kimberly Higgins, Sheila Hill",Pena Inc,1983-03-14,978-0-86291-104-1,French,Mystery,Past seat sure heart develop. Beat treatment travel at likely their. Much station hand.,128.53,False,"eat, technology, day, history"
81,Under product cut,"Samuel Morse, Janice Edwards",Garcia PLC,1975-10-17,978-1-05-259184-5,French,Fiction,"National necessary computer group cultural those. Them technology thank structure. Arrive have scene staff soldier.
Available floor establish call enough. Maybe war short husband bar.",18.54,True,"eat, technology, day"
82,Country third year,"Kelly King, Aaron Dunn",Kelly LLC,1970-08-08,978-1-363-54272-7,English,Fantasy,"Such staff heavy enough line husband. Data these moment way exist. Happen trouble explain.
Wrong short hot trouble program. Environmental together ask have indicate natural.",55.6,True,"history, technology, college, future"
83,Usually hold professor so,"Christopher Edwards, Sean Alexander","Swanson, Price and Baker",1981-04-17,978-0-12-376362-4,French,Non-Fiction,Either war to Congress travel indeed. Thousand miss final election culture suddenly against. Pressure cause collection thousand affect.,129.04,False,"produce, day, future, technology"
84,Another beat might,"Erica Parks, Debra Byrd",Rios-Brown,2000-02-26,978-1-56178-471-4,French,Mystery,"Religious attack grow fish evidence later.
Star Republican positive citizen worker. Employee whole smile nation.",135.01,True,"day, future, college, history, technology"
85,Someone wait center,"John Gallagher, David Calderon","Hanson, Taylor and Nicholson",2001-01-13,978-0-289-49643-5,English,Thriller,Behavior statement theory data. Artist success threat cup so. Court take then financial issue Mrs to. Particularly husband maintain.,44.93,True,"future, day, technology, college"
86,Remember what,"Kelly Carpenter, Mary Murray","Alexander, Clark and Brown",2024-08-15,978-0-9816800-8-8,German,Romance,"Cup sea student experience store candidate. Do citizen industry particular sense. Better network add include instead ground.
Real player increase police. Bed catch people.",15.17,True,"history, day, future"
87,Can agency and,"Jenna Perez, Joseph Williams",Carter Ltd,1987-06-13,978-0-467-10474-9,Spanish,Fantasy,Someone sell arrive tell school question tough defense. Hard read hour meeting key. Adult final entire hot reason. Wide when surface forward.,89.48,True,"produce, eat, technology"
88,Wish inside,"Ricardo Schaefer, Joseph Graham",Cervantes-Terry,1999-06-23,978-1-64399-621-9,Italian,Fiction,Job successful agency go yeah foot option. Plant factor model right. Animal mother body tax capital whatever before far.,6.71,True,"future, college, produce, technology"
89,Kid participant almost,"Pamela Johnson, Dylan Medina",Anderson Group,2010-11-09,978-1-58404-055-2,German,Thriller,Story though whom administration yourself someone energy. Leave such they radio pay note. American food fish recognize store.,75.31,False,"produce, future, technology"
90,Both social reflect,"Yolanda Norris, Yolanda Reed","Garner, Holmes and Hart",1993-09-30,978-0-510-72343-9,French,Fiction,"Husband keep provide his offer stock. Not dinner fine be. Pressure pick expect minute probably.
Plan quite sport cut. Need design magazine task part entire care.",56.07,False,"produce, eat, future, trade, day"
91,Difficult happy some,"Veronica Lewis, Sean Howard",Norton Ltd,2011-09-20,978-0-15-001558-1,German,Fiction,Show within them PM outside nor. Down moment successful bad customer TV remember. High old smile everything.,16.8,False,"college, eat, produce, history, trade"
92,Wear area forward,"Katrina Arnold, Jerome Bennett",White PLC,2003-11-24,978-1-09-309746-7,Italian,Romance,"They management family deal significant your. Former house card claim character school test or.
Despite own white evening western. Station year accept even property travel indeed.",120.74,True,"technology, future, eat, day, history"
93,Move end,"Michael Gonzales, Kelly Thomas",Brooks Ltd,1996-09-20,978-1-914581-24-3,English,Mystery,"Happy painting focus itself. Five role hotel history.
Fall be effect catch before. Set believe development hot response music. Store they ball eye imagine.",75.24,False,"produce, college, day"
94,Against,"Michael Pacheco, Sarah Ramirez","Price, Taylor and Miller",1996-07-04,978-1-01-457798-6,Italian,Fantasy,"Still attention beyond project. Conference test watch adult. Listen democratic my.
Rest piece anyone. Laugh unit treat style without employee.",131.82,True,"eat, history, college, trade, future"
95,Front why affect,"Andrew Barber, Dominique Mitchell",Cole-Rogers,2002-09-27,978-0-655-97260-0,German,Non-Fiction,Water enough leg research control nothing. Body relate different painting.,38.31,False,"future, technology, eat, college"
96,Seek operation form,"Julie Caldwell, John Phillips","Logan, Cardenas and Buckley",2009-08-15,978-1-188-65964-8,Italian,Mystery,"Five although message. Security baby general series. Window go born hold money sister third.
Head thing walk nation after. Box president even really church.",43.26,True,"future, trade, produce, eat, day"
97,Leader,"Anthony Howell, Michelle Larson",Pope-Davis,2003-07-30,978-0-443-75696-2,Italian,Fiction,"It some decide while. Success gas threat firm unit.
Enjoy economy fine risk all herself. Feeling two several decide.
Single size seven friend. No ready theory ten.",65.67,True,"day, produce, future"
98,Black room relationship,"Gregory Morgan, Ryan Guerrero","Wagner, Stanton and Richardson",2022-05-26,978-1-79588-979-7,English,Non-Fiction,Memory home court crime everybody treat. Strategy share practice.,47.7,True,"day, history, technology"
99,Apply,"Robert Hale, Bradley Foster MD","Vaughan, Coleman and Thomas",1976-01-16,978-1-930736-10-8,Spanish,Fantasy,"Present rule old. Much able appear would avoid baby network.
Sit thousand your never so scientist. Name between cultural food.",143.53,False,"future, college, day, technology"
100,Public leave,"Charles Bruce, James Reynolds",Bernard-Armstrong,2003-08-22,978-1-82645-979-1,Italian,Thriller,Available night tell. Happy store affect thank late. Central continue figure thought.,114.1,False,"future, trade, technology, history, produce"
